time,latitude,longitude,mag
2011-01-01T00:02:31.960Z,27.247,143.166,5.0
2011-01-05T00:57:32.220Z,31.545,142.177,5.6
2011-01-08T18:23:20.140Z,26.672,143.878,5.1
2011-01-09T12:42:31.080Z,42.399,144.382,5.1
2011-01-10T10:24:20.980Z,23.083,143.166,5.6
2011-01-11T23:47:49.640Z,26.63,143.665,5.2
2011-01-12T21:32:53.860Z,26.973,139.882,6.4
2011-01-13T09:36:19.440Z,27.258,143.315,5.0
2011-01-15T08:45:33.880Z,27.241,143.381,5.1
2011-01-16T11:14:12.340Z,34.451,141.643,5.0
2011-01-20T11:36:41.760Z,29.651,129.27,5.2
2011-01-21T06:32:22.760Z,27.164,143.483,5.1
2011-01-21T08:12:30.960Z,27.133,143.47,5.2
2011-01-22T05:49:02.450Z,42.36,142.895,5.1
2011-01-23T10:58:26.200Z,26.815,144.103,5.0
2011-01-23T12:46:37.890Z,26.805,144.143,5.0
2011-01-23T22:13:48.000Z,26.762,143.862,5.0
2011-01-23T22:51:23.140Z,26.662,143.725,5.1
2011-01-25T02:18:37.620Z,22.086,144.249,5.1
2011-01-25T05:24:40.110Z,35.127,141.117,5.1
2011-01-25T11:33:37.120Z,27.65,143.35,5.0
2011-01-27T15:54:41.010Z,27.105,143.364,5.0
2011-01-29T12:38:59.990Z,21.613,142.956,5.5
2011-01-31T14:46:34.280Z,22.136,145.464,5.2
2011-02-01T03:32:10.780Z,22.674,144.474,5.0
2011-02-04T04:16:37.090Z,22.577,143.595,5.3
2011-02-04T11:15:45.470Z,29.182,130.228,5.3
2011-02-05T01:56:13.890Z,34.77,140.352,5.1
2011-02-08T15:34:30.600Z,22.744,144.564,5.1
2011-02-08T15:50:13.020Z,27.353,143.191,5.0
2011-02-08T16:42:40.600Z,27.301,143.157,5.3
2011-02-09T09:51:28.150Z,24.807,141.096,5.2
2011-02-09T11:29:12.470Z,27.292,143.258,5.0
2011-02-10T03:04:49.170Z,27.134,143.377,5.0
2011-02-10T13:03:02.650Z,37.151,141.279,5.3
2011-02-11T23:59:17.550Z,27.302,143.064,5.1
2011-02-12T00:05:40.580Z,27.366,143.162,5.0
2011-02-15T14:12:50.370Z,25.908,128.294,5.1
2011-02-15T19:01:03.400Z,38.321,143.162,5.5
2011-02-15T19:06:51.390Z,38.387,142.796,5.1
2011-02-16T23:45:10.380Z,25.909,128.281,5.2
2011-02-18T20:20:30.650Z,44.817,150.086,5.1
2011-02-22T04:56:19.740Z,26.419,128.706,5.1
2011-02-22T09:53:39.320Z,38.229,143.166,5.1
2011-02-22T14:09:50.780Z,22.11,143.842,5.5
2011-02-23T22:14:05.710Z,31.455,140.147,5.4
2011-02-25T19:12:31.230Z,34.333,140.235,5.3
2011-02-26T14:40:57.020Z,38.194,143.158,5.0
2011-02-26T15:38:43.790Z,37.36,141.652,5.1
2011-02-26T20:38:02.390Z,36.121,137.353,5.1
2011-02-28T02:03:26.190Z,32.356,142.384,5.1
2011-02-28T13:05:28.690Z,46.216,152.142,5.1
2011-03-03T11:52:37.920Z,46.973,150.925,5.4
2011-03-07T10:13:07.520Z,29.092,129.416,5.2
2011-03-09T02:45:20.330Z,38.435,142.842,7.3
2011-03-09T02:55:12.640Z,38.465,143.235,5.1
2011-03-09T02:57:16.670Z,38.361,142.91,5.7
2011-03-09T02:58:14.080Z,38.246,143.102,5.7
2011-03-09T03:08:35.770Z,38.311,143.169,5.3
2011-03-09T03:18:59.710Z,38.713,143.065,5.0
2011-03-09T04:05:54.980Z,38.655,142.753,5.2
2011-03-09T04:32:09.690Z,38.672,143.031,5.1
2011-03-09T04:37:04.990Z,38.665,142.991,5.6
2011-03-09T04:45:55.170Z,38.466,142.702,5.3
2011-03-09T06:12:12.780Z,38.626,143.13,5.0
2011-03-09T06:13:46.470Z,38.23,143.132,5.1
2011-03-09T06:25:14.570Z,38.273,143.054,5.0
2011-03-09T07:13:50.090Z,38.212,143.162,5.0
2011-03-09T07:56:32.220Z,38.803,142.879,5.1
2011-03-09T08:02:38.390Z,38.613,143.08,5.2
2011-03-09T11:27:52.300Z,38.537,143.036,5.2
2011-03-09T18:16:16.440Z,38.315,142.434,6.0
2011-03-09T18:44:38.500Z,38.503,143.166,5.9
2011-03-09T21:22:17.580Z,38.345,142.648,6.0
2011-03-09T21:24:01.680Z,38.296,142.808,6.5
2011-03-09T23:36:58.680Z,38.398,143.167,5.4
2011-03-10T08:08:20.560Z,38.603,143.27,5.6
2011-03-10T09:02:23.960Z,38.616,143.122,5.3
2011-03-10T11:21:09.150Z,38.586,143.038,5.1
2011-03-10T16:54:45.020Z,38.046,143.296,5.0
2011-03-11T05:46:24.120Z,38.297,142.373,9.0
2011-03-11T05:54:31.940Z,37.712,141.184,6.3
2011-03-11T05:55:45.480Z,37.359,143.351,6.4
2011-03-11T05:58:07.490Z,37.623,142.155,6.3
2011-03-11T05:59:31.580Z,37.054,141.763,5.9
2011-03-11T06:00:39.300Z,38.095,142.492,6.2
2011-03-11T06:03:55.260Z,36.469,141.84,5.9
2011-03-11T06:05:02.230Z,36.375,141.777,5.8
2011-03-11T06:06:13.170Z,39.003,142.29,6.3
2011-03-11T06:07:20.880Z,36.419,141.876,6.4
2011-03-11T06:08:29.660Z,38.969,143.37,6.7
2011-03-11T06:11:15.610Z,36.109,141.696,5.9
2011-03-11T06:12:36.360Z,37.788,144.233,6.2
2011-03-11T06:13:01.040Z,37.211,141.601,6.2
2011-03-11T06:15:23.120Z,37.93,143.802,6.3
2011-03-11T06:15:40.280Z,36.281,141.111,7.9
2011-03-11T06:18:49.510Z,36.023,142.269,6.6
2011-03-11T06:20:04.110Z,36.004,142.067,6.5
2011-03-11T06:21:32.700Z,38.29,142.813,6.2
2011-03-11T06:23:09.480Z,39.03,142.284,6.2
2011-03-11T06:25:50.300Z,38.058,144.59,7.7
2011-03-11T06:29:15.990Z,37.812,144.233,6.1
2011-03-11T06:33:06.070Z,36.625,141.867,5.9
2011-03-11T06:35:20.900Z,35.806,141.1,5.8
2011-03-11T06:37:05.580Z,37.465,142.404,5.6
2011-03-11T06:38:11.330Z,36.094,141.665,5.8
2011-03-11T06:39:39.320Z,37.04,142.463,5.5
2011-03-11T06:41:01.450Z,39.599,141.576,5.8
2011-03-11T06:42:10.530Z,34.88,141.916,5.2
2011-03-11T06:43:10.570Z,38.066,144.627,5.4
2011-03-11T06:44:54.990Z,36.588,141.1,5.3
2011-03-11T06:46:31.190Z,37.956,143.248,5.9
2011-03-11T06:48:18.800Z,38.807,141.946,5.3
2011-03-11T06:48:45.590Z,37.961,142.724,6.2
2011-03-11T06:49:16.610Z,37.337,144.237,6.1
2011-03-11T06:49:57.540Z,40.668,141.605,5.8
2011-03-11T06:52:28.510Z,38.061,143.016,5.5
2011-03-11T06:54:08.490Z,36.974,141.493,5.4
2011-03-11T06:55:33.600Z,37.562,142.855,5.9
2011-03-11T06:57:16.510Z,35.712,140.875,6.0
2011-03-11T06:59:00.270Z,37.357,144.725,6.3
2011-03-11T07:01:11.640Z,36.628,143.755,5.7
2011-03-11T07:02:57.260Z,39.693,142.529,5.8
2011-03-11T07:03:00.000Z,37.924,142.802,5.6
2011-03-11T07:04:16.170Z,38.964,142.398,5.8
2011-03-11T07:05:21.100Z,38.442,143.6,5.7
2011-03-11T07:06:45.820Z,37.778,142.98,5.6
2011-03-11T07:09:12.050Z,36.714,141.874,5.7
2011-03-11T07:09:58.330Z,36.718,141.856,5.6
2011-03-11T07:10:59.890Z,37.879,142.681,5.8
2011-03-11T07:13:47.620Z,36.103,142.358,5.9
2011-03-11T07:14:58.820Z,36.586,141.823,6.3
2011-03-11T07:17:42.760Z,37.006,142.406,5.8
2011-03-11T07:23:16.910Z,37.454,142.097,5.9
2011-03-11T07:25:36.460Z,37.934,144.529,6.1
2011-03-11T07:28:12.360Z,36.823,141.824,6.1
2011-03-11T07:29:01.830Z,39.031,142.349,6.3
2011-03-11T07:30:18.450Z,37.442,141.195,6.0
2011-03-11T07:33:33.660Z,36.323,142.71,5.7
2011-03-11T07:35:52.220Z,36.943,142.309,5.7
2011-03-11T07:38:27.600Z,39.204,142.793,5.8
2011-03-11T07:40:53.350Z,38.345,142.191,5.3
2011-03-11T07:42:55.650Z,36.403,141.892,5.7
2011-03-11T07:44:27.990Z,36.195,141.813,5.8
2011-03-11T07:47:49.420Z,38.726,143.837,5.2
2011-03-11T07:48:09.770Z,36.951,142.162,5.1
2011-03-11T07:49:48.530Z,36.525,141.756,5.4
2011-03-11T07:51:53.410Z,36.554,141.675,5.0
2011-03-11T07:53:29.180Z,36.734,141.959,5.0
2011-03-11T07:54:45.420Z,37.743,141.573,5.7
2011-03-11T07:56:15.410Z,37.106,142.226,5.6
2011-03-11T07:59:48.970Z,37.012,142.78,5.7
2011-03-11T08:01:24.150Z,36.983,142.815,5.1
2011-03-11T08:01:57.000Z,36.936,142.7,5.9
2011-03-11T08:04:58.780Z,37.593,142.208,5.7
2011-03-11T08:06:20.680Z,37.569,142.823,5.4
2011-03-11T08:10:29.340Z,36.287,140.852,5.6
2011-03-11T08:12:07.260Z,36.569,141.486,6.2
2011-03-11T08:15:41.850Z,37.047,144.541,6.1
2011-03-11T08:19:14.520Z,36.117,141.698,5.4
2011-03-11T08:19:24.380Z,36.166,141.562,6.5
2011-03-11T08:26:36.930Z,37.367,143.017,6.1
2011-03-11T08:27:51.600Z,38.017,142.657,6.0
2011-03-11T08:31:09.260Z,37.469,141.176,6.0
2011-03-11T08:33:00.780Z,39.14,142.967,6.0
2011-03-11T08:35:22.110Z,36.033,140.984,5.6
2011-03-11T08:38:01.510Z,37.704,143.833,5.4
2011-03-11T08:39:12.960Z,37.64,142.771,5.5
2011-03-11T08:40:56.140Z,37.447,140.984,5.9
2011-03-11T08:44:00.140Z,36.122,140.966,5.6
2011-03-11T08:46:45.850Z,37.416,142.451,5.6
2011-03-11T08:48:26.650Z,36.505,141.909,5.2
2011-03-11T08:51:05.360Z,37.556,143.642,5.3
2011-03-11T08:52:04.660Z,36.326,141.098,5.3
2011-03-11T08:52:23.420Z,36.77,141.924,5.5
2011-03-11T08:55:07.520Z,36.607,141.597,5.0
2011-03-11T09:00:14.520Z,37.281,142.497,5.1
2011-03-11T09:04:06.900Z,37.376,142.718,5.4
2011-03-11T09:05:34.020Z,37.301,142.674,5.3
2011-03-11T09:06:03.130Z,37.403,143.997,5.1
2011-03-11T09:09:14.680Z,37.683,143.311,5.5
2011-03-11T09:16:29.890Z,37.967,140.117,5.0
2011-03-11T09:19:07.840Z,37.439,144.13,5.0
2011-03-11T09:27:42.240Z,38.298,142.159,5.3
2011-03-11T09:34:12.770Z,37.696,142.65,5.0
2011-03-11T09:37:04.610Z,35.912,141.601,5.5
2011-03-11T09:42:20.550Z,39.495,142.705,5.3
2011-03-11T09:45:25.080Z,36.664,142.299,5.0
2011-03-11T09:45:44.220Z,37.397,144.121,5.0
2011-03-11T09:47:01.830Z,39.599,143.056,5.4
2011-03-11T09:51:06.650Z,36.223,141.822,5.1
2011-03-11T09:52:43.840Z,37.715,141.812,5.0
2011-03-11T09:59:51.990Z,36.661,142.191,5.3
2011-03-11T10:00:27.200Z,37.295,143.158,5.1
2011-03-11T10:10:34.220Z,39.185,142.76,6.0
2011-03-11T10:15:49.410Z,35.808,140.983,5.0
2011-03-11T10:19:51.620Z,36.047,141.61,5.0
2011-03-11T10:20:26.240Z,36.896,142.247,5.4
2011-03-11T10:21:09.350Z,37.256,142.032,5.4
2011-03-11T10:21:55.670Z,37.97,142.863,5.1
2011-03-11T10:22:02.630Z,36.665,142.521,5.7
2011-03-11T10:28:21.040Z,37.961,143.571,5.0
2011-03-11T10:28:42.690Z,39.397,143.592,5.9
2011-03-11T10:35:36.710Z,37.05,141.2,5.2
2011-03-11T10:40:53.720Z,36.688,142.487,5.0
2011-03-11T10:44:08.030Z,38.387,143.116,5.0
2011-03-11T10:45:19.320Z,35.888,141.388,5.4
2011-03-11T10:45:44.690Z,38.417,143.752,5.6
2011-03-11T10:47:08.970Z,37.491,143.05,5.2
2011-03-11T10:52:08.320Z,38.491,143.36,5.0
2011-03-11T10:58:02.840Z,39.002,142.267,5.2
2011-03-11T11:00:52.420Z,37.737,141.496,5.6
2011-03-11T11:02:30.040Z,39.173,142.965,5.3
2011-03-11T11:06:07.560Z,38.004,142.605,5.0
2011-03-11T11:06:44.440Z,37.024,142.544,5.1
2011-03-11T11:09:45.830Z,36.481,143.265,5.2
2011-03-11T11:10:58.300Z,35.535,141.842,5.5
2011-03-11T11:13:12.980Z,36.38,141.778,5.5
2011-03-11T11:15:56.250Z,39.193,143.323,5.3
2011-03-11T11:16:50.250Z,36.628,141.809,5.5
2011-03-11T11:21:03.070Z,35.684,140.933,5.7
2011-03-11T11:21:29.790Z,37.547,143.073,5.8
2011-03-11T11:25:31.740Z,35.571,142.011,5.2
2011-03-11T11:27:18.490Z,39.128,143.369,5.4
2011-03-11T11:28:50.830Z,38.504,142.162,5.2
2011-03-11T11:30:19.150Z,39.219,143.43,5.4
2011-03-11T11:31:13.990Z,38.085,140.115,5.1
2011-03-11T11:32:14.800Z,36.238,142.396,5.7
2011-03-11T11:32:27.130Z,39.065,143.166,5.8
2011-03-11T11:35:25.320Z,37.906,144.783,5.3
2011-03-11T11:36:40.920Z,39.241,142.463,6.6
2011-03-11T11:42:08.320Z,39.319,142.906,5.4
2011-03-11T11:44:28.300Z,36.695,142.244,5.7
2011-03-11T11:46:42.500Z,36.004,141.171,5.8
2011-03-11T11:49:22.550Z,37.9,144.486,5.0
2011-03-11T11:54:00.740Z,36.93,142.513,5.3
2011-03-11T11:55:21.300Z,37.228,142.703,5.3
2011-03-11T11:56:13.240Z,36.267,141.527,5.5
2011-03-11T11:56:34.940Z,37.693,143.014,5.3
2011-03-11T11:57:16.060Z,39.202,142.094,5.3
2011-03-11T11:58:54.410Z,35.752,142.08,5.6
2011-03-11T12:04:11.930Z,36.333,142.744,5.1
2011-03-11T12:10:19.100Z,38.899,144.64,5.0
2011-03-11T12:12:54.800Z,38.055,142.548,5.9
2011-03-11T12:15:45.320Z,39.084,142.264,5.8
2011-03-11T12:24:35.150Z,36.48,141.75,5.3
2011-03-11T12:28:45.910Z,36.191,141.712,5.2
2011-03-11T12:33:18.180Z,38.059,142.695,5.4
2011-03-11T12:34:19.660Z,36.986,143.624,5.3
2011-03-11T12:34:31.830Z,37.463,143.301,5.4
2011-03-11T12:35:21.680Z,39.283,143.512,5.3
2011-03-11T12:49:02.640Z,36.147,141.602,5.6
2011-03-11T12:54:53.250Z,38.499,141.976,5.4
2011-03-11T12:56:05.330Z,37.795,141.96,5.5
2011-03-11T12:59:22.310Z,36.145,141.692,5.2
2011-03-11T13:02:43.170Z,36.541,141.976,5.3
2011-03-11T13:14:40.230Z,37.744,143.762,5.1
2011-03-11T13:15:47.030Z,37.377,141.884,5.1
2011-03-11T13:16:51.500Z,36.371,141.743,5.6
2011-03-11T13:18:16.630Z,37.575,142.827,5.5
2011-03-11T13:26:26.390Z,35.789,142.135,5.0
2011-03-11T13:31:55.460Z,39.21,142.798,5.1
2011-03-11T13:34:30.600Z,36.162,141.84,5.5
2011-03-11T13:42:27.190Z,37.338,142.061,5.0
2011-03-11T13:43:09.590Z,38.989,144.126,5.7
2011-03-11T13:47:42.760Z,36.87,141.15,5.0
2011-03-11T13:48:29.400Z,36.635,141.878,5.0
2011-03-11T13:48:37.840Z,38.371,143.123,5.3
2011-03-11T13:55:28.870Z,37.995,142.895,5.2
2011-03-11T13:56:01.600Z,37.217,142.144,5.1
2011-03-11T14:00:38.590Z,36.123,140.761,5.5
2011-03-11T14:10:37.160Z,37.498,141.935,5.2
2011-03-11T14:20:16.220Z,37.546,143.221,5.1
2011-03-11T14:21:21.490Z,37.093,142.112,5.0
2011-03-11T14:26:33.850Z,37.408,142.379,5.0
2011-03-11T14:27:40.540Z,37.052,143.957,5.4
2011-03-11T14:27:57.040Z,37.112,144.036,5.5
2011-03-11T14:44:11.070Z,36.673,140.795,5.1
2011-03-11T14:49:09.480Z,38.118,144.287,5.0
2011-03-11T14:53:59.730Z,35.966,141.899,5.3
2011-03-11T14:56:11.930Z,35.96,141.403,5.8
2011-03-11T15:01:41.110Z,39.045,142.354,5.0
2011-03-11T15:06:24.310Z,37.283,141.741,5.0
2011-03-11T15:07:39.530Z,36.332,141.54,5.5
2011-03-11T15:13:14.680Z,35.994,141.808,6.3
2011-03-11T15:19:38.270Z,36.247,141.856,5.5
2011-03-11T15:20:08.190Z,36.398,141.864,6.0
2011-03-11T15:22:27.020Z,35.637,141.548,5.5
2011-03-11T15:26:00.170Z,37.319,142.284,5.2
2011-03-11T15:32:34.050Z,37.181,142.245,5.2
2011-03-11T15:42:03.880Z,36.024,141.713,5.4
2011-03-11T15:46:02.560Z,35.939,141.965,5.0
2011-03-11T15:50:57.080Z,37.496,142.37,5.0
2011-03-11T15:51:44.270Z,38.699,142.991,5.0
2011-03-11T16:02:01.300Z,36.575,144.069,5.4
2011-03-11T16:04:53.280Z,39.256,144.406,5.3
2011-03-11T16:11:30.000Z,39.464,143.465,5.5
2011-03-11T16:34:21.000Z,39.621,143.379,5.0
2011-03-11T16:36:59.650Z,36.557,142.303,5.0
2011-03-11T16:55:53.460Z,37.817,143.149,5.0
2011-03-11T16:59:55.980Z,38.167,144.338,5.0
2011-03-11T17:11:14.950Z,38.501,144.3,5.0
2011-03-11T17:12:37.500Z,37.472,144.091,5.0
2011-03-11T17:16:56.210Z,36.999,144.159,5.6
2011-03-11T17:17:23.610Z,35.331,141.391,5.5
2011-03-11T17:20:54.290Z,37.743,143.571,5.1
2011-03-11T17:22:56.000Z,36.566,142.428,5.1
2011-03-11T17:23:55.220Z,35.997,141.814,5.0
2011-03-11T17:30:47.410Z,37.377,141.136,5.0
2011-03-11T17:32:12.250Z,37.055,144.632,5.4
2011-03-11T17:34:20.820Z,37.329,142.706,5.1
2011-03-11T17:38:04.010Z,39.742,143.423,5.2
2011-03-11T17:50:01.780Z,37.663,144.909,5.0
2011-03-11T17:51:22.700Z,36.765,142.056,5.0
2011-03-11T18:11:24.660Z,37.197,142.096,5.7
2011-03-11T18:13:41.870Z,36.453,142.205,5.1
2011-03-11T18:17:07.290Z,36.22,141.628,5.8
2011-03-11T18:43:02.930Z,39.188,143.255,5.0
2011-03-11T18:44:09.200Z,36.832,141.024,5.0
2011-03-11T18:45:26.510Z,36.129,141.241,5.1
2011-03-11T18:55:11.360Z,35.8,141.741,5.0
2011-03-11T18:59:16.540Z,37.014,138.376,6.2
2011-03-11T19:02:59.170Z,39.342,142.872,6.0
2011-03-11T19:08:38.730Z,36.264,140.884,5.5
2011-03-11T19:10:52.320Z,38.163,144.015,5.0
2011-03-11T19:24:24.510Z,35.685,140.658,5.5
2011-03-11T19:30:08.980Z,37.059,142.983,5.0
2011-03-11T19:31:56.250Z,36.943,138.3,5.7
2011-03-11T19:32:15.840Z,37.111,142.44,5.2
2011-03-11T19:40:11.640Z,37.436,143.558,5.0
2011-03-11T19:45:21.780Z,37.562,141.578,5.2
2011-03-11T19:46:50.880Z,40.483,139.055,6.2
2011-03-11T19:56:01.700Z,38.895,144.356,5.0
2011-03-11T20:11:24.060Z,39.005,142.633,6.1
2011-03-11T20:15:18.220Z,38.385,144.859,5.0
2011-03-11T20:23:41.280Z,35.814,141.605,5.7
2011-03-11T20:25:24.270Z,36.898,141.967,5.2
2011-03-11T20:26:16.730Z,37.678,143.34,5.4
2011-03-11T20:34:41.990Z,36.997,141.118,5.1
2011-03-11T20:36:10.270Z,37.829,142.828,5.5
2011-03-11T20:41:24.280Z,37.662,143.713,5.1
2011-03-11T20:42:38.600Z,38.275,142.257,5.0
2011-03-11T20:46:59.300Z,39.167,143.002,5.0
2011-03-11T21:00:43.950Z,38.998,142.478,5.4
2011-03-11T21:03:35.010Z,37.829,142.911,5.0
2011-03-11T21:42:00.060Z,37.255,142.302,5.2
2011-03-11T22:04:13.140Z,38.282,142.251,5.4
2011-03-11T22:18:39.210Z,36.634,141.641,5.0
2011-03-11T22:36:57.550Z,37.081,143.809,5.0
2011-03-11T22:42:59.200Z,37.609,143.811,5.1
2011-03-11T22:51:19.850Z,37.834,144.827,5.7
2011-03-11T22:54:27.530Z,36.486,142.311,5.4
2011-03-11T23:26:49.680Z,39.051,142.623,5.3
2011-03-11T23:40:11.420Z,37.064,143.524,5.0
2011-03-11T23:53:29.260Z,38.857,142.532,5.1
2011-03-11T23:58:03.430Z,38.397,143.525,5.3
2011-03-11T23:59:21.080Z,36.528,141.506,5.4
2011-03-12T00:21:24.420Z,36.555,143.595,5.0
2011-03-12T00:25:07.750Z,37.755,141.885,5.0
2011-03-12T00:39:38.040Z,37.207,142.499,5.0
2011-03-12T00:45:09.180Z,36.112,141.768,5.5
2011-03-12T01:03:58.700Z,37.821,141.392,5.0
2011-03-12T01:17:00.680Z,38.053,142.677,5.4
2011-03-12T01:25:01.270Z,36.339,141.665,5.0
2011-03-12T01:34:09.620Z,38.751,142.831,5.8
2011-03-12T01:35:29.930Z,39.16,142.941,5.3
2011-03-12T01:36:24.560Z,36.532,142.299,5.2
2011-03-12T01:43:19.860Z,36.331,141.555,5.1
2011-03-12T01:46:20.540Z,37.328,141.754,5.5
2011-03-12T01:47:15.400Z,37.594,142.648,6.5
2011-03-12T01:59:43.480Z,37.483,142.802,5.2
2011-03-12T02:34:05.040Z,36.667,141.431,5.2
2011-03-12T02:37:29.450Z,40.126,142.719,5.0
2011-03-12T02:43:10.090Z,39.099,142.304,5.0
2011-03-12T02:47:33.500Z,37.6,143.61,5.9
2011-03-12T02:51:47.470Z,37.722,144.22,5.0
2011-03-12T03:01:47.410Z,39.549,142.598,5.8
2011-03-12T03:11:57.760Z,35.952,141.344,5.9
2011-03-12T03:29:27.810Z,37.887,144.623,5.3
2011-03-12T03:34:43.920Z,35.222,140.953,5.3
2011-03-12T03:54:44.740Z,35.79,141.226,5.0
2011-03-12T04:06:10.220Z,38.865,141.779,5.2
2011-03-12T04:47:18.840Z,35.905,141.34,5.1
2011-03-12T04:52:57.130Z,40.082,143.202,5.7
2011-03-12T05:58:55.960Z,37.734,143.907,5.1
2011-03-12T06:00:25.280Z,36.367,141.73,5.1
2011-03-12T06:10:17.960Z,37.09,143.812,5.1
2011-03-12T06:10:45.030Z,38.494,143.796,5.4
2011-03-12T06:18:44.570Z,39.171,142.33,5.5
2011-03-12T06:35:59.960Z,39.597,143.452,5.0
2011-03-12T07:13:37.480Z,37.424,142.007,5.0
2011-03-12T07:18:55.000Z,39.001,144.675,5.1
2011-03-12T07:35:39.260Z,37.38,142.575,5.0
2011-03-12T07:36:58.940Z,36.888,141.563,5.1
2011-03-12T07:54:09.390Z,35.905,141.45,5.1
2011-03-12T08:52:47.840Z,37.178,143.624,5.0
2011-03-12T08:59:59.970Z,37.322,143.571,5.2
2011-03-12T09:18:53.520Z,37.094,143.466,5.2
2011-03-12T09:27:13.360Z,37.384,143.704,5.0
2011-03-12T09:40:44.550Z,38.859,142.811,5.2
2011-03-12T10:00:27.220Z,35.944,141.772,5.0
2011-03-12T10:20:21.180Z,37.151,143.469,5.3
2011-03-12T10:34:47.390Z,37.498,144.454,5.2
2011-03-12T10:39:12.510Z,36.699,141.763,5.0
2011-03-12T10:53:30.780Z,39.049,142.279,5.7
2011-03-12T11:45:59.990Z,35.743,141.681,5.3
2011-03-12T12:50:29.090Z,37.746,143.828,5.1
2011-03-12T12:53:52.100Z,37.734,143.506,5.9
2011-03-12T13:15:41.650Z,37.249,141.159,6.1
2011-03-12T13:23:53.220Z,36.204,141.935,5.2
2011-03-12T13:26:57.340Z,39.426,142.369,5.3
2011-03-12T13:57:12.670Z,36.342,141.797,5.2
2011-03-12T14:03:31.310Z,38.791,142.549,5.6
2011-03-12T14:35:01.120Z,35.776,141.662,5.4
2011-03-12T14:43:10.850Z,39.465,142.405,5.8
2011-03-12T16:22:09.780Z,37.911,144.752,5.1
2011-03-12T17:01:19.190Z,37.72,143.348,5.1
2011-03-12T17:11:05.910Z,37.999,143.943,5.2
2011-03-12T17:19:23.850Z,36.517,142.482,5.8
2011-03-12T19:11:57.050Z,37.713,142.608,5.3
2011-03-12T20:08:26.970Z,35.754,141.754,5.0
2011-03-12T20:09:56.270Z,36.747,143.993,5.1
2011-03-12T20:14:32.080Z,38.892,144.751,5.0
2011-03-12T21:38:35.680Z,37.861,144.234,5.0
2011-03-12T21:48:09.620Z,39.612,142.569,5.4
2011-03-12T21:58:18.870Z,39.03,142.31,5.4
2011-03-12T22:12:46.270Z,37.681,141.889,5.8
2011-03-12T22:31:27.320Z,39.175,142.27,5.3
2011-03-12T23:20:41.040Z,37.998,142.282,5.4
2011-03-12T23:24:48.780Z,38.047,141.72,6.1
2011-03-12T23:37:22.950Z,36.732,142.296,5.1
2011-03-12T23:40:48.800Z,36.624,141.661,5.2
2011-03-12T23:51:23.160Z,37.075,143.387,5.0
2011-03-12T23:53:42.240Z,37.681,143.381,5.0
2011-03-13T00:32:57.240Z,36.008,140.868,5.0
2011-03-13T00:43:17.970Z,38.038,142.712,5.0
2011-03-13T00:47:06.010Z,39.081,143.232,5.2
2011-03-13T01:26:04.250Z,35.723,141.637,6.1
2011-03-13T01:31:29.050Z,37.511,143.84,5.1
2011-03-13T01:42:51.200Z,36.907,142.903,5.2
2011-03-13T02:23:34.520Z,36.344,142.344,5.8
2011-03-13T02:42:26.840Z,39.689,144.347,5.1
2011-03-13T02:48:17.600Z,36.851,142.595,5.1
2011-03-13T02:51:22.380Z,36.908,143.332,5.3
2011-03-13T02:53:23.340Z,39.471,143.266,5.1
2011-03-13T02:57:13.410Z,36.881,143.296,5.3
2011-03-13T04:12:56.710Z,35.668,141.724,5.0
2011-03-13T04:23:23.730Z,38.192,142.969,5.1
2011-03-13T04:36:13.350Z,35.208,140.973,5.1
2011-03-13T04:40:27.120Z,36.3,142.257,5.1
2011-03-13T07:04:38.310Z,38.326,144.019,5.3
2011-03-13T07:56:42.520Z,39.642,143.181,5.7
2011-03-13T08:43:24.980Z,37.174,142.4,5.0
2011-03-13T09:12:56.680Z,37.727,143.807,5.1
2011-03-13T09:25:07.970Z,39.02,142.441,5.1
2011-03-13T09:52:30.970Z,38.849,141.858,5.6
2011-03-13T11:37:30.420Z,37.348,142.394,5.7
2011-03-13T13:16:33.460Z,34.326,141.613,5.4
2011-03-13T14:31:57.140Z,39.167,142.729,5.2
2011-03-13T14:41:20.510Z,38.282,142.791,5.1
2011-03-13T14:48:01.360Z,37.767,142.783,5.4
2011-03-13T15:08:48.640Z,36.902,144.471,5.2
2011-03-13T15:10:52.460Z,35.468,140.834,5.2
2011-03-13T15:27:21.190Z,39.445,142.586,5.0
2011-03-13T17:01:30.180Z,35.132,141.149,5.1
2011-03-13T17:04:01.430Z,37.645,143.597,5.1
2011-03-13T17:40:30.060Z,37.933,142.595,5.0
2011-03-13T17:55:21.600Z,35.152,141.1,5.6
2011-03-13T19:59:50.090Z,36.921,141.906,5.2
2011-03-13T22:20:18.100Z,36.023,141.792,5.2
2011-03-13T22:26:04.670Z,35.933,141.861,5.0
2011-03-13T23:53:46.390Z,35.763,140.997,5.0
2011-03-14T00:22:47.090Z,36.905,141.771,5.0
2011-03-14T01:02:38.560Z,36.408,140.894,5.5
2011-03-14T01:57:55.000Z,36.641,142.4,5.1
2011-03-14T02:05:02.330Z,40.303,143.69,5.2
2011-03-14T03:15:50.490Z,36.278,142.079,5.4
2011-03-14T03:18:46.290Z,39.157,144.403,5.2
2011-03-14T03:20:41.720Z,36.642,141.721,5.2
2011-03-14T04:57:54.330Z,36.743,143.463,5.0
2011-03-14T06:12:36.060Z,37.785,142.456,6.0
2011-03-14T06:18:32.300Z,37.451,141.227,5.3
2011-03-14T06:27:27.280Z,36.625,141.838,5.2
2011-03-14T06:43:55.820Z,39.073,142.307,5.2
2011-03-14T06:46:58.690Z,37.909,142.895,5.1
2011-03-14T06:52:25.130Z,36.976,140.97,5.2
2011-03-14T07:00:14.940Z,39.233,143.386,5.0
2011-03-14T07:03:30.780Z,39.745,143.566,5.2
2011-03-14T07:25:11.580Z,36.726,141.269,5.2
2011-03-14T09:07:49.850Z,36.914,141.251,5.0
2011-03-14T10:28:39.080Z,37.149,142.177,5.1
2011-03-14T14:22:38.840Z,36.17,141.655,5.1
2011-03-14T14:50:56.150Z,38.316,142.148,5.2
2011-03-14T17:59:41.080Z,37.206,142.245,5.6
2011-03-14T18:01:34.480Z,37.053,142.357,5.4
2011-03-14T18:41:01.470Z,36.576,141.745,5.4
2011-03-14T19:28:28.690Z,38.64,141.721,5.1
2011-03-14T22:04:11.750Z,35.75,141.061,5.0
2011-03-14T23:22:02.240Z,40.393,143.848,5.2
2011-03-14T23:23:11.540Z,39.874,142.981,5.0
2011-03-15T03:21:35.270Z,37.705,143.938,5.0
2011-03-15T07:08:30.850Z,38.341,142.2,5.0
2011-03-15T08:01:43.760Z,40.401,143.24,5.4
2011-03-15T08:48:24.130Z,37.519,143.547,5.1
2011-03-15T09:49:52.640Z,37.367,142.301,5.8
2011-03-15T10:50:01.050Z,35.578,141.876,5.2
2011-03-15T11:06:15.910Z,37.145,142.375,5.1
2011-03-15T11:46:21.020Z,40.419,142.959,5.5
2011-03-15T13:27:56.630Z,37.576,142.237,6.0
2011-03-15T13:31:46.320Z,35.272,138.582,6.0
2011-03-15T13:37:57.090Z,37.674,141.941,5.1
2011-03-15T13:47:09.870Z,37.35,142.153,5.0
2011-03-15T15:23:53.850Z,40.335,143.288,6.1
2011-03-15T19:01:30.540Z,38.132,141.934,5.4
2011-03-15T20:14:33.490Z,37.69,143.453,5.0
2011-03-15T20:29:59.820Z,35.209,140.994,5.7
2011-03-15T21:04:54.340Z,36.744,140.286,5.0
2011-03-15T22:37:13.930Z,37.37,144.141,5.2
2011-03-16T03:52:02.970Z,35.747,140.71,5.7
2011-03-16T04:14:30.520Z,37.552,141.429,5.4
2011-03-16T06:29:03.250Z,39.887,142.019,5.7
2011-03-16T10:16:12.460Z,39.799,143.426,5.2
2011-03-16T11:44:57.350Z,37.662,141.49,5.0
2011-03-16T13:38:41.010Z,36.916,140.466,5.0
2011-03-16T13:39:05.310Z,35.823,140.306,5.3
2011-03-16T14:46:11.450Z,38.541,141.657,5.2
2011-03-16T15:27:03.140Z,36.247,142.495,5.0
2011-03-16T18:12:57.420Z,37.123,142.173,5.1
2011-03-16T18:23:08.500Z,29.356,141.809,5.1
2011-03-16T20:44:41.200Z,37.336,143.639,5.1
2011-03-16T23:38:20.410Z,39.131,142.533,5.3
2011-03-17T03:50:52.020Z,36.31,142.892,5.2
2011-03-17T04:13:56.780Z,40.136,142.168,6.2
2011-03-17T05:06:59.910Z,38.019,143.521,5.3
2011-03-17T06:12:41.550Z,37.709,143.443,5.6
2011-03-17T06:24:33.390Z,37.261,142.07,5.2
2011-03-17T06:42:45.750Z,38.666,143.927,5.2
2011-03-17T08:25:28.490Z,36.658,141.631,5.3
2011-03-17T08:59:43.220Z,40.254,142.409,5.2
2011-03-17T09:05:59.470Z,40.255,142.336,5.1
2011-03-17T12:32:04.610Z,35.496,140.763,5.5
2011-03-17T12:33:25.000Z,35.481,140.877,5.4
2011-03-17T12:54:52.640Z,36.757,141.202,5.8
2011-03-17T18:55:36.930Z,37.125,142.335,5.5
2011-03-17T19:02:56.120Z,38.239,142.286,5.0
2011-03-17T19:05:42.590Z,36.203,141.772,5.1
2011-03-18T00:41:18.720Z,35.877,141.641,5.1
2011-03-18T02:47:47.570Z,37.176,141.767,5.0
2011-03-18T03:23:53.830Z,37.759,143.488,5.5
2011-03-18T08:01:33.810Z,35.734,140.881,5.3
2011-03-18T13:38:39.640Z,37.687,143.408,5.0
2011-03-18T17:28:55.700Z,35.083,141.486,5.2
2011-03-18T18:32:49.320Z,39.11,142.319,5.1
2011-03-18T19:19:19.410Z,36.47,142.676,5.0
2011-03-18T19:53:06.970Z,37.579,141.406,5.3
2011-03-18T21:09:32.340Z,37.491,145.02,5.0
2011-03-18T23:33:01.380Z,39.161,142.23,5.5
2011-03-18T23:34:29.710Z,24.223,125.313,5.2
2011-03-18T23:49:06.740Z,37.761,141.829,5.1
2011-03-18T23:49:36.450Z,36.941,140.615,5.1
2011-03-19T01:22:44.790Z,39.696,142.904,5.9
2011-03-19T01:27:13.650Z,39.547,143.045,5.4
2011-03-19T09:56:47.710Z,36.796,140.268,5.7
2011-03-20T01:09:43.770Z,39.136,142.401,5.1
2011-03-20T01:24:42.890Z,37.301,141.713,5.0
2011-03-20T01:30:45.150Z,36.953,141.014,5.4
2011-03-20T05:55:30.890Z,37.724,141.363,5.6
2011-03-20T05:58:05.140Z,35.284,140.988,5.2
2011-03-20T07:54:15.170Z,39.849,143.51,5.2
2011-03-20T07:56:30.510Z,36.205,141.782,5.2
2011-03-20T10:35:51.350Z,35.157,141.123,5.1
2011-03-20T12:03:46.720Z,39.35,141.824,5.8
2011-03-20T14:48:54.130Z,35.33,140.961,5.1
2011-03-20T15:51:22.950Z,36.381,143.372,5.0
2011-03-20T17:08:56.060Z,37.136,143.853,5.2
2011-03-21T05:54:12.510Z,36.252,142.014,5.0
2011-03-21T10:43:10.600Z,37.973,144.686,5.1
2011-03-21T19:01:19.310Z,36.682,143.178,5.0
2011-03-22T01:13:47.880Z,36.057,141.802,5.0
2011-03-22T03:38:35.840Z,35.205,140.997,5.7
2011-03-22T05:59:38.500Z,35.685,141.593,5.1
2011-03-22T07:18:45.380Z,37.244,144.003,6.4
2011-03-22T09:19:06.230Z,37.325,141.791,6.1
2011-03-22T09:44:29.330Z,39.851,143.437,6.4
2011-03-22T11:21:39.290Z,39.733,143.113,5.6
2011-03-22T12:01:22.420Z,36.866,143.188,5.6
2011-03-22T12:04:08.970Z,36.289,141.404,5.7
2011-03-22T12:56:24.750Z,37.065,143.982,5.1
2011-03-22T13:50:51.910Z,35.795,141.549,5.9
2011-03-22T15:03:46.840Z,35.787,141.567,5.6
2011-03-22T15:49:27.460Z,39.2,142.315,5.1
2011-03-22T16:05:51.340Z,35.749,141.601,5.1
2011-03-22T16:12:09.230Z,35.681,141.637,5.3
2011-03-22T22:12:31.820Z,37.065,140.638,5.5
2011-03-22T22:13:57.200Z,37.014,140.679,5.5
2011-03-22T22:35:00.720Z,37.111,140.58,5.5
2011-03-22T22:36:32.830Z,37.101,140.555,5.2
2011-03-22T22:53:31.930Z,37.055,140.606,5.0
2011-03-22T23:46:53.960Z,35.239,140.933,5.0
2011-03-23T00:06:43.490Z,39.206,142.254,5.0
2011-03-23T09:35:56.990Z,39.623,143.265,5.2
2011-03-23T10:43:36.250Z,36.665,141.464,5.1
2011-03-23T13:56:27.830Z,37.651,142.806,5.0
2011-03-23T20:43:13.280Z,35.923,141.15,5.1
2011-03-24T03:58:09.600Z,38.608,142.812,5.1
2011-03-24T07:03:55.990Z,36.145,141.693,5.0
2011-03-24T08:21:00.140Z,39.079,142.084,5.8
2011-03-24T19:17:18.490Z,37.992,143.592,5.4
2011-03-24T19:22:02.700Z,38.005,143.622,5.0
2011-03-25T09:43:45.150Z,37.741,143.882,5.3
2011-03-25T11:36:24.490Z,38.772,141.88,6.2
2011-03-25T12:43:11.620Z,37.71,143.837,5.1
2011-03-26T05:37:50.680Z,32.645,142.743,5.0
2011-03-26T10:18:36.680Z,38.583,141.74,5.3
2011-03-26T12:52:51.200Z,36.959,143.294,5.1
2011-03-27T03:20:17.910Z,40.183,142.257,5.0
2011-03-27T05:07:56.000Z,39.927,141.854,5.0
2011-03-27T13:41:34.310Z,38.95,142.361,5.3
2011-03-27T22:23:58.800Z,38.415,142.011,6.2
2011-03-28T05:44:58.410Z,36.357,141.73,5.2
2011-03-28T11:18:46.350Z,38.799,142.899,5.2
2011-03-29T08:28:34.640Z,45.455,146.29,5.0
2011-03-29T10:54:33.200Z,37.401,142.29,6.1
2011-03-29T16:35:49.290Z,39.591,143.455,5.5
2011-03-30T05:29:52.520Z,36.143,142.464,5.7
2011-03-30T12:51:36.570Z,35.396,141.013,5.1
2011-03-30T13:00:05.230Z,38.671,141.978,5.2
2011-03-30T13:19:06.790Z,36.686,140.751,5.1
2011-03-30T23:52:11.250Z,26.998,141.39,5.0
2011-03-31T07:15:30.190Z,38.922,141.821,6.0
2011-03-31T07:36:31.250Z,32.43,142.624,5.1
2011-03-31T19:35:03.890Z,37.699,142.273,5.1
2011-04-01T10:49:49.070Z,40.304,140.208,5.0
2011-04-01T11:57:54.390Z,39.323,141.95,5.9
2011-04-01T12:15:06.040Z,36.723,141.825,5.1
2011-04-01T14:44:35.130Z,36.234,141.501,5.3
2011-04-01T17:03:46.390Z,40.282,143.209,5.5
2011-04-02T04:08:06.750Z,38.744,141.924,5.2
2011-04-03T07:38:46.480Z,37.635,141.451,5.2
2011-04-03T13:18:08.040Z,36.762,142.142,5.1
2011-04-03T14:55:30.440Z,37.805,142.162,5.0
2011-04-04T08:38:23.980Z,37.817,142.403,5.1
2011-04-04T08:42:31.690Z,37.828,142.473,5.0
2011-04-04T09:39:12.850Z,37.049,142.046,5.1
2011-04-05T22:01:59.330Z,38.372,142.104,5.0
2011-04-06T07:12:12.250Z,27.164,143.324,5.1
2011-04-06T13:54:52.200Z,37.654,141.425,5.3
2011-04-07T14:32:43.290Z,38.276,141.588,7.1
2011-04-07T22:02:19.880Z,39.142,142.893,5.1
2011-04-08T18:42:28.950Z,43.721,147.481,5.3
2011-04-09T01:25:26.660Z,36.75,142.049,5.1
2011-04-09T09:42:21.890Z,38.28,141.701,5.3
2011-04-09T12:57:47.820Z,29.999,131.78,5.9
2011-04-10T21:35:52.590Z,36.774,140.987,5.1
2011-04-11T08:16:12.730Z,37.001,140.401,6.6
2011-04-11T08:16:50.910Z,37.791,140.812,5.8
2011-04-11T08:26:35.300Z,37.061,140.353,5.2
2011-04-11T08:58:07.210Z,37.03,140.369,5.0
2011-04-11T11:42:35.130Z,36.98,140.356,5.5
2011-04-11T17:53:32.050Z,37.643,144.47,5.4
2011-04-11T22:26:20.030Z,36.809,138.284,5.5
2011-04-11T23:08:16.870Z,35.417,140.575,6.2
2011-04-12T05:07:41.860Z,37.107,140.368,5.9
2011-04-12T19:37:48.290Z,39.368,141.895,5.6
2011-04-12T23:36:21.520Z,35.376,140.678,5.1
2011-04-13T01:08:02.190Z,36.953,140.418,5.3
2011-04-13T19:57:25.420Z,39.583,143.34,6.0
2011-04-13T20:02:30.980Z,39.568,143.414,5.0
2011-04-13T20:03:49.700Z,39.497,143.365,5.0
2011-04-13T20:32:21.420Z,39.619,143.191,5.5
2011-04-13T22:35:53.300Z,36.797,140.372,5.0
2011-04-14T03:08:57.990Z,36.985,140.602,5.1
2011-04-14T06:07:09.450Z,36.686,141.58,5.1
2011-04-14T06:08:47.340Z,35.56,141.881,5.7
2011-04-15T21:10:37.980Z,37.211,142.41,5.0
2011-04-16T01:11:10.380Z,25.435,123.897,5.7
2011-04-16T02:19:30.790Z,36.378,139.653,5.8
2011-04-16T09:20:25.670Z,27.937,139.395,5.2
2011-04-16T20:36:46.320Z,36.878,143.917,5.5
2011-04-18T13:03:33.600Z,40.32,140.478,5.0
2011-04-19T04:04:30.080Z,37.186,143.491,5.0
2011-04-21T00:39:03.210Z,40.341,143.549,5.7
2011-04-21T01:54:41.580Z,40.306,143.628,5.8
2011-04-21T03:08:37.540Z,37.265,142.247,5.0
2011-04-21T08:18:16.140Z,38.327,142.093,5.0
2011-04-21T13:37:03.340Z,35.579,140.305,6.2
2011-04-21T13:47:11.230Z,35.712,140.696,5.1
2011-04-21T16:11:18.450Z,37.553,141.219,5.6
2011-04-22T15:25:17.840Z,37.226,140.988,5.2
2011-04-22T16:27:40.690Z,37.083,144.124,5.0
2011-04-23T10:12:46.980Z,39.097,142.87,5.9
2011-04-24T21:06:38.640Z,35.196,140.931,5.0
2011-04-25T09:00:21.590Z,36.217,140.887,5.1
2011-04-25T21:14:14.400Z,36.846,142.167,5.1
2011-04-26T12:12:00.530Z,36.085,139.778,5.0
2011-04-27T21:42:47.120Z,36.798,142.552,5.0
2011-04-27T21:45:04.220Z,38.151,141.651,5.0
2011-04-28T00:02:22.820Z,36.719,142.568,5.0
2011-04-28T09:27:47.230Z,37.455,141.653,5.5
2011-04-29T22:19:33.370Z,38.859,141.916,5.2
2011-04-30T05:06:35.860Z,36.785,141.067,5.1
2011-04-30T11:13:51.070Z,35.146,141.585,5.0
2011-05-02T21:25:49.540Z,40.102,142.564,5.1
2011-05-04T05:41:40.480Z,40.786,141.269,5.0
2011-05-04T08:23:53.110Z,37.044,143.246,5.4
2011-05-05T14:58:18.680Z,38.17,144.032,6.0
2011-05-05T15:26:46.740Z,37.425,141.448,5.0
2011-05-05T17:04:29.520Z,37.072,140.754,5.2
2011-05-05T18:36:16.960Z,35.588,141.988,5.2
2011-05-05T23:21:22.100Z,26.124,128.398,5.5
2011-05-07T20:52:20.760Z,40.239,142.243,5.7
2011-05-09T20:15:53.560Z,37.739,143.536,5.6
2011-05-10T07:16:14.180Z,37.261,143.706,5.1
2011-05-10T08:30:30.850Z,37.797,143.561,5.2
2011-05-10T08:54:50.000Z,38.187,142.138,5.0
2011-05-10T10:14:43.160Z,36.235,141.608,5.1
2011-05-10T10:36:39.730Z,36.111,141.876,5.0
2011-05-10T15:26:04.610Z,43.292,130.938,5.7
2011-05-11T01:20:05.600Z,37.81,143.56,5.2
2011-05-11T18:14:31.890Z,36.1,142.267,5.2
2011-05-13T23:35:52.860Z,37.396,141.341,6.1
2011-05-14T22:30:29.660Z,43.144,146.131,5.1
2011-05-14T23:50:49.810Z,37.666,141.396,5.0
2011-05-15T10:25:21.270Z,37.059,142.33,5.1
2011-05-15T12:14:20.300Z,37.244,142.612,5.1
2011-05-19T09:12:48.480Z,37.121,142.674,5.3
2011-05-20T00:46:16.950Z,35.761,140.843,5.8
2011-05-20T05:16:45.700Z,25.521,142.639,5.0
2011-05-20T07:28:48.150Z,37.44,141.414,5.1
2011-05-20T18:46:24.350Z,46.573,152.229,5.0
2011-05-21T22:06:26.390Z,35.597,140.492,5.6
2011-05-22T08:33:41.390Z,39.209,142.831,5.0
2011-05-22T14:46:11.670Z,37.601,143.488,5.6
2011-05-24T03:40:51.300Z,39.709,143.247,5.8
2011-05-24T11:49:23.490Z,36.377,140.942,5.0
2011-05-25T10:02:52.370Z,49.161,147.484,5.3
2011-05-28T13:46:07.930Z,36.287,142.021,5.0
2011-05-28T14:56:04.930Z,37.423,143.586,5.0
2011-05-30T23:53:45.480Z,40.29,143.205,5.1
2011-05-31T12:28:38.310Z,39.409,141.791,5.4
2011-05-31T16:26:12.390Z,40.251,143.221,5.0
2011-06-01T03:14:14.440Z,39.737,143.566,5.2
2011-06-01T23:34:17.970Z,27.034,140.294,5.2
2011-06-03T00:05:00.830Z,37.285,143.907,6.1
2011-06-03T16:00:15.030Z,37.067,140.912,5.5
2011-06-03T16:57:31.560Z,35.027,132.325,5.0
2011-06-07T10:38:32.700Z,48.357,154.2,5.3
2011-06-08T22:11:17.360Z,39.031,142.318,5.0
2011-06-09T10:26:08.200Z,37.263,142.147,5.0
2011-06-09T10:38:34.540Z,36.478,140.774,5.4
2011-06-10T22:35:55.070Z,38.315,142.156,5.0
2011-06-12T20:48:16.640Z,28.096,129.965,5.0
2011-06-13T06:50:31.620Z,39.91,143.02,5.1
2011-06-14T12:48:53.160Z,43.221,145.236,5.0
2011-06-14T13:06:52.190Z,37.727,143.512,5.7
2011-06-14T14:56:00.700Z,39.483,142.392,5.4
2011-06-15T04:41:03.610Z,26.788,144.108,5.3
2011-06-16T10:09:09.720Z,39.795,143.199,5.0
2011-06-17T10:39:39.840Z,48.595,156.197,5.4
2011-06-18T11:31:05.880Z,37.664,141.664,5.7
2011-06-21T08:49:40.500Z,35.623,141.314,5.4
2011-06-22T14:28:59.170Z,40.046,142.777,5.7
2011-06-22T20:43:49.180Z,37.704,144.26,5.1
2011-06-22T21:50:52.350Z,39.955,142.205,6.7
2011-06-23T10:35:00.230Z,38.479,141.439,5.3
2011-06-23T11:38:32.870Z,30.284,131.467,5.1
2011-06-24T17:39:27.210Z,42.049,142.553,5.5
2011-06-28T07:42:55.010Z,40.53,143.805,5.2
2011-06-29T22:14:38.480Z,35.598,140.461,5.0
2011-06-29T23:16:40.170Z,36.261,137.679,5.0
2011-07-03T16:05:58.220Z,45.999,149.46,5.1
2011-07-05T10:18:44.390Z,33.988,135.135,5.0
2011-07-06T15:14:59.030Z,36.372,141.618,5.7
2011-07-07T18:35:40.740Z,37.125,140.869,5.5
2011-07-08T13:10:48.760Z,39.87,142.102,5.0
2011-07-10T00:57:10.800Z,38.034,143.264,7.0
2011-07-11T04:29:30.480Z,39.349,141.859,5.2
2011-07-12T00:09:53.890Z,45.784,150.765,5.3
2011-07-12T09:00:00.390Z,38.811,141.884,5.0
2011-07-12T20:47:13.780Z,37.348,141.015,5.1
2011-07-13T07:19:41.020Z,25.081,123.697,5.2
2011-07-14T04:10:55.070Z,36.934,141.136,5.0
2011-07-15T12:01:12.200Z,36.128,139.85,5.5
2011-07-15T18:00:23.940Z,27.016,140.128,5.4
2011-07-19T01:38:51.280Z,37.386,141.575,5.2
2011-07-20T19:18:14.840Z,27.236,128.2,5.3
2011-07-21T01:03:30.950Z,39.632,143.466,5.1
2011-07-23T04:34:24.180Z,38.898,141.815,6.3
2011-07-24T15:07:10.970Z,38.855,141.993,5.1
2011-07-24T18:51:25.070Z,37.73,141.39,6.3
2011-07-25T11:03:24.110Z,35.211,141.03,5.0
2011-07-25T11:04:46.030Z,38.571,141.876,5.1
2011-07-25T11:54:54.080Z,35.273,140.933,5.6
2011-07-27T14:50:00.740Z,40.097,142.746,5.0
2011-07-28T09:01:39.030Z,40.344,143.236,5.6
2011-07-28T16:50:25.700Z,38.918,142.561,5.2
2011-07-29T14:53:18.980Z,36.689,141.871,5.4
2011-07-30T13:21:34.560Z,34.825,141.601,5.0
2011-07-30T18:53:50.720Z,36.942,140.955,6.3
2011-07-31T17:35:57.870Z,41.795,142.826,5.5
2011-08-01T13:44:47.300Z,39.837,142.083,5.7
2011-08-01T13:48:11.790Z,27.281,141.201,5.4
2011-08-01T14:58:09.060Z,34.631,138.433,5.9
2011-08-04T13:51:34.560Z,48.833,154.769,6.1
2011-08-05T10:53:22.230Z,40.131,142.312,5.0
2011-08-06T07:14:55.290Z,35.245,140.99,5.3
2011-08-11T13:31:26.840Z,38.363,142.039,5.2
2011-08-11T18:22:04.920Z,37.034,140.893,5.8
2011-08-11T19:37:44.280Z,34.398,137.962,5.0
2011-08-15T11:44:38.420Z,22.65,143.038,5.4
2011-08-16T03:36:31.210Z,28.757,143.672,5.2
2011-08-16T12:43:01.790Z,38.072,143.491,5.0
2011-08-16T19:35:20.500Z,40.138,142.307,5.3
2011-08-17T03:05:07.240Z,38.395,142.093,5.0
2011-08-17T11:44:08.370Z,36.765,143.77,6.1
2011-08-19T05:36:33.040Z,37.671,141.652,6.2
2011-08-19T11:39:47.170Z,46.524,153.276,5.2
2011-08-19T19:10:10.680Z,45.885,142.471,5.1
2011-08-22T11:23:35.250Z,36.083,141.688,5.9
2011-08-25T02:14:50.250Z,36.106,143.452,5.0
2011-08-25T16:02:15.450Z,47.34,152.334,5.3
2011-08-26T22:17:48.660Z,21.73,143.084,5.3
2011-09-03T20:52:49.440Z,35.79,139.358,5.0
2011-09-04T05:02:05.140Z,44.046,147.874,5.2
2011-09-05T19:49:13.170Z,36.51,142.622,5.1
2011-09-06T17:54:51.870Z,36.661,141.594,5.2
2011-09-07T00:09:59.760Z,39.962,143.477,5.0
2011-09-07T13:29:41.520Z,42.238,142.424,5.1
2011-09-08T13:38:13.170Z,37.238,141.835,5.1
2011-09-12T23:02:41.760Z,35.69,143.329,5.0
2011-09-15T08:00:09.640Z,36.256,141.338,6.1
2011-09-16T19:26:40.260Z,40.273,142.779,6.7
2011-09-16T19:40:00.140Z,40.164,143.397,5.1
2011-09-16T20:11:16.090Z,40.235,143.24,5.7
2011-09-16T21:08:05.330Z,40.239,143.008,5.9
2011-09-16T21:36:38.590Z,40.077,143.15,5.8
2011-09-16T22:40:46.930Z,40.242,143.145,5.7
2011-09-17T07:33:57.840Z,40.291,142.861,5.3
2011-09-17T07:34:27.690Z,40.265,142.657,5.7
2011-09-17T08:59:30.470Z,48.909,154.739,5.2
2011-09-17T17:54:47.410Z,40.248,143.226,5.2
2011-09-18T07:04:18.070Z,39.845,143.052,5.6
2011-09-18T10:39:48.400Z,42.036,142.315,5.1
2011-09-18T18:32:25.690Z,37.844,141.404,5.4
2011-09-19T09:07:22.220Z,47.856,147.31,5.2
2011-09-21T13:31:01.430Z,36.774,140.324,5.1
2011-09-23T08:16:00.390Z,36.762,140.435,5.0
2011-09-23T13:12:27.300Z,39.352,141.85,5.2
2011-09-29T10:05:12.480Z,37.147,140.65,5.1
2011-09-29T18:26:56.370Z,26.648,127.653,5.0
2011-09-30T15:51:01.120Z,39.147,143.523,5.0
2011-10-04T01:37:29.130Z,26.768,140.429,5.6
2011-10-05T10:00:01.440Z,36.478,137.593,5.3
2011-10-05T10:06:13.770Z,36.49,137.384,5.2
2011-10-07T02:51:18.280Z,41.631,141.964,5.3
2011-10-10T02:45:57.860Z,37.547,141.257,5.6
2011-10-12T17:22:05.940Z,37.765,144.421,5.0
2011-10-16T09:47:13.080Z,47.951,152.909,5.3
2011-10-17T09:15:23.420Z,37.744,141.89,5.0
2011-10-21T08:02:37.950Z,43.892,142.479,6.1
2011-10-25T17:08:54.920Z,37.026,140.971,5.0
2011-10-25T19:34:12.720Z,32.056,138.362,5.2
2011-10-30T03:23:46.000Z,25.372,122.866,5.7
2011-11-01T16:21:25.690Z,35.941,141.642,5.0
2011-11-03T10:34:30.410Z,35.814,139.934,5.0
2011-11-07T01:46:34.470Z,45.901,149.159,5.0
2011-11-08T02:59:08.510Z,27.324,125.621,6.9
2011-11-08T03:13:52.630Z,31.36,142.217,5.2
2011-11-08T08:34:59.690Z,37.651,143.962,5.0
2011-11-08T20:09:15.320Z,28.044,142.676,5.1
2011-11-08T22:45:04.820Z,37.4,142.762,5.0
2011-11-11T12:44:09.340Z,39.667,143.371,5.1
2011-11-16T00:43:58.130Z,34.14,141.468,5.3
2011-11-17T08:34:33.950Z,38.82,141.912,5.0
2011-11-17T09:43:04.970Z,35.671,141.633,5.0
2011-11-19T22:06:00.360Z,46.622,151.512,5.3
2011-11-20T01:23:44.730Z,36.775,140.378,5.0
2011-11-21T10:16:33.810Z,34.847,132.715,5.1
2011-11-23T19:24:31.470Z,37.365,141.368,6.1
2011-11-24T10:25:34.030Z,41.898,142.639,6.2
2011-12-01T11:20:31.450Z,44.746,145.918,5.0
2011-12-02T20:55:29.490Z,35.257,140.152,5.2
2011-12-05T01:01:12.560Z,36.158,141.805,5.2
2011-12-09T19:42:57.340Z,47.009,144.551,5.7
2011-12-10T19:00:54.430Z,37.659,143.588,5.0
2011-12-11T01:22:45.660Z,28.104,129.365,5.3
2011-12-12T09:28:41.590Z,50.706,143.044,5.1
2011-12-13T00:57:08.090Z,37.754,143.651,5.0
2011-12-14T04:01:07.560Z,35.308,137.188,5.1
2011-12-15T02:49:24.600Z,38.069,143.338,5.0
2011-12-15T13:05:54.770Z,31.675,141.665,5.3
2011-12-15T15:12:48.270Z,31.717,141.631,5.6
2011-12-18T09:02:03.080Z,35.508,140.913,5.1
2011-12-20T06:26:23.210Z,40.099,142.559,5.1
2011-12-27T09:04:30.340Z,31.125,140.338,5.3
2011-12-30T17:07:23.390Z,30.799,138.254,5.2
